{"cameraMode":{"drawMode":0,"name":"Shaded","section":"Shading Mode"},"sceneLighting":true,"audioPlay":false,"sceneViewState":{"showFog":true,"showMaterialUpdate":false,"showSkybox":true,"showFlares":true,"showImageEffects":true,"showParticleSystems":true,"showVisualEffectGraphs":true,"m_FxEnabled":true},"in2DMode":false,"pivot":{"x":229.82289123535157,"y":198.73410034179688,"z":-6.512298583984375},"rotation":{"x":-0.04677910730242729,"y":0.024567918851971628,"z":-0.001151779550127685,"w":-0.998607873916626},"size":246.2313995361328,"orthographic":false}